,0
0,Saya
1,sangat
2,menyukai
3,game
4,ini
5,Tingkatkan
6,terusss
7,Performance
8,nya
9,Soalnya
10,saya
11,sering
12,afk
13,gara
14,Lag
15,nya
16,jaringan
17,Padahal
18,memori
19,masih
20,byk
21,nya
22,Gb
23,ruang
24,kosong
25,Tolong
26,min
27,ditingkatkan
28,konektivitasnya
29,iya
30,utk
31,Hp
32,Standar
33,agar
34,dapat
35,bermain
36,lebih
37,baik
38,lagiHeloo
39,boss
40,tolong
41,kalo
42,mau
43,update
44,itu
45,di
46,pastikan
47,dulu
48,walaupun
49,sudah
50,ada
51,advance
52,server
53,tapi
54,update
55,selalu
56,terkesan
57,tidak
58,imbang
59,setelah
60,update
61,pasti
62,selalu
63,banyak
64,bug
65,yang
66,terjadi
67,baik
68,di
69,luar
70,maupun
71,di
72,dalam
73,game
74,sering
75,terjadi
76,adalah
77,drop
78,frame
79,rate
80,saat
81,setelah
82,update
83,padahal
84,jaringan
85,aman
86,dan
87,tersambung
88,dengan
89,wifi
90,double
91,jaringan
92,Saran
93,saya
94,daripada
95,update
96,interface
97,mendingan
98,update
99,map
100,yang
101,lebih
102,oke
103,atau
104,mungkin
105,map
106,dimunculkan
107,fow
108,yang
109,lebih
110,jelas
111,dalam
112,mapSemenjak
113,update
114,UI
115,baru
116,yang
117,KATANYA
118,lebih
119,baik
120,dan
121,lebih
122,hemat
123,penyimpanan
124,malah
125,jadi
126,penyebab
127,lag
128,parah
129,Udah
130,beberapa
131,hari
132,dan
133,hampir
134,seminggu
135,main
136,selalu
137,lag
138,padahal
139,jaringan
140,WIFI
141,baik
142,baik
143,aja
144,sampai
145,beli
146,kuota
147,nih
148,tapi
149,masih
150,aja
151,lag
152,parah
153,pas
154,di
155,dalam
156,gameplay
157,Soal
158,penyimpanan
159,emang
160,bener
161,lebih
162,kecil
163,dari
164,sebelumnya
165,tapi
166,tetap
167,aja
168,kadang
169,di
170,tetap
171,di
172,paksa
173,download
174,data
175,tampilan
176,skin
177,di
178,ingame
179,yang
180,bagi
181,saya
182,pribadi
183,itu
184,ga
185,begitu
186,penting
187,Perbaiki
188,lagi
189,lah
190,moonton
191,sistem
192,jaringannyaUpdate
193,UI
194,yang
195,berat
196,grafik
197,mengalami
198,penurunan
199,redesignrevamp
200,model
201,hero
202,yang
203,sangat
204,aneh
205,semua
206,hero
207,memiliki
208,wajah
209,yang
210,sama
211,tidak
212,ada
213,yang
214,unik
215,dari
216,setiap
217,tampilan
218,hero
219,seperti
220,model
221,buatan
222,AI
223,Sistem
224,gameplay
225,diubah
226,menjadi
227,permainan
228,cepat
229,sehingga
230,banyak
231,hero
232,atau
233,item
234,yang
235,tidak
236,seimbangBisa
237,sedikit
238,di
239,perjelas
240,untuk
241,sistem
242,Ini
243,saya
244,berkali
245,kali
246,main
247,selalu
248,saja
249,kalau
250,mau
251,menang
252,pasti
253,lag
254,parah
255,mau
256,pakai
257,wifi
258,mau
259,pakai
260,data
261,Terus
262,kalau
263,emang
264,bukan
265,dari
266,sistem
267,kesalahanya
268,minimal
269,di
270,fungsikan
271,lah
272,ajubanding
273,nya
274,masak
275,udah
276,ngasih
277,alesan
278,credit
279,skor
280,tetep
281,gak
282,nambahperbaiki
283,lah
284,masalah
285,jaringan
286,jangan
287,skin
288,terus
289,yang
290,di
291,tambah
292,jaringan
293,di
294,telantarinJaringan
295,tidak
296,stabil
297,dan
298,apknya
299,semakin
300,berat
301,Tolong
302,ciptakan
303,fitur
304,untuk
305,memilih
306,jenis
307,resource
308,yang
309,lebih
310,spesifik
311,yang
312,ingin
313,di
314,download
315,dan
316,kembalikan
317,fitur
318,pause
319,download
320,resource
321,Mungkin
322,saja
323,jaringan
324,lambat
325,karena
326,bermain
327,sambil
328,download
329,resource
330,Dan
331,dengan
332,seperti
333,itu
334,mungkin
335,apknya
336,akan
337,jadi
338,jauh
339,lebih
340,ringan
341,sehingga
342,yang
343,hp
344,kentang
345,bisa
346,main
347,dgn
348,nyaman
349,jugaKenapa
350,draft
351,selalu
352,dapat
353,team
354,goblokkk
355,semua
356,Sering
357,update
358,tapi
359,vidio
360,highlight
361,tidak
362,ada
363,gambar
364,cuma
365,suara
366,payah
367,Buka
368,pengaturan
369,kenapa
370,yang
371,di
372,tuju
373,highlight
374,padahal
375,tujuan
376,utama
377,pilih
378,pgtran
379,tidak
380,ke
381,lihat
382,vidio
383,saja
384,Sudah
385,ke
386,vidio
387,tp
388,g
389,ada
390,gambar
391,cuma
392,suaraTampilan
393,UI
394,nya
395,Hapus
396,saja
397,GPU
398,jadi
399,Berat
400,Untuk
401,Update
402,Resource
403,Otomatis
404,Hilangkan
405,Itu
406,Membuat
407,CacheSampah
408,data
409,Makin
410,Banyak
411,Membuat
412,Delay
413,Layar
414,Patah
415,Cuy
416,Hape
417,Diatas
418,Juta
419,belum
420,mampu
421,bermain
422,Lancar
423,Koneksi
424,Stabil
425,Rate
426,jg
427,masih
428,Lag
429,Ada
430,apa
431,Dengan
432,Kalian
433,Cuan
434,HD
435,gk
436,penting
437,Utamakan
438,Nyaman
439,TOD
440,Toh
441,Hadiah
442,Gratisan
443,Event
444,kebanyakan
445,isinya
446,Sampah
447,Buat
448,Player
449,Sayangi
450,Uang
451,kalian
452,Top
453,Up
454,itu
455,gk
456,Berguna
457,Sebenarnya
458,game
459,ini
460,bagus
461,cuman
462,mohon
463,untuk
464,memperbaiki
465,macthmaking
466,nya
467,moonton
468,terutama
469,pada
470,rekan
471,tim
472,sehingga
473,bisa
474,seimbang
475,jangan
476,ngasih
477,musuh
478,yang
479,jago
480,sedangkan
481,rekan
482,tim
483,kaya
484,bot
485,susah
486,untuk
487,menaikkan
488,bintang
489,apalagi
490,di
491,rank
492,banyak
493,ku
494,temui
495,rekan
496,tim
497,yang
498,tidak
499,mau
500,bekerja
501,sama
502,ada
503,yang
504,nge
505,feed
506,dari
507,early
508,sampai
509,late
510,game
511,bahkan
512,main
513,semaunya
514,sendiri
515,Tolong
516,untuk
517,pihak
518,developer
519,untuk
520,memperbaiki
521,sistem
522,macthmaking
523,Dan
524,pada
525,season
526,sering
527,terjadi
528,frameLebih
529,baik
530,pas
531,S
532,tidak
533,banyak
534,bug
535,jaringan
536,stabil
537,di
538,game
539,tidak
540,berat
541,Di
542,season
543,ini
544,banyak
545,perubahan
546,membuat
547,kami
548,tidak
549,nyaman
550,bermain
551,Terutama
552,yg
553,memiliki
554,hp
555,yg
556,minim
557,ram
558,Saya
559,menggunakan
560,jaringan
561,ganda
562,wifi
563,serta
564,selular
565,pun
566,tetap
567,terasa
568,lag
569,jaringan
570,buruk
571,atau
572,tidak
573,stabil
574,masalahnya
575,dimana
576,Ram
577,gb
578,memori
579,telepon
580,tersedia
581,gb
582,memory
583,external
584,tersedia
585,gb
586,tapi
587,tetap
588,kena
589,lag
590,dan
591,berat
592,saat
593,bermain
594,Bukan
595,kualitas
596,HD
597,saja
598,yg
599,kami
600,inginkan
601,tapi
602,kenyamanan
603,saat
604,bermain
605,jgMohon
606,kerjasama
607,tolong
608,perbaikan
609,masalah
610,sinyal
611,disaat
612,war
613,merah
614,ijo
615,terus
616,tapi
617,disaat
618,mati
619,langsung
620,bajus
621,dan
622,lagi
623,tolong
624,dipertimbangkan
625,lagi
626,rekan
627,tim
628,sangat
629,tidak
630,seimbang
631,dengan
632,musuhnya
633,Mobile
634,legends
635,sekarang
636,makin
637,berat
638,Menurut
639,saya
640,gamenya
641,udah
642,bagus
643,seru
644,banyak
645,pelajaran
646,yg
647,bisa
648,diambilKenapa
649,setelah
650,update
651,kualitas
652,koneksi
653,jadi
654,buruk
655,Jaringan
656,G
657,terdeteksi
658,di
659,bar
660,atas
661,tapi
662,lag
663,ketika
664,war
665,memori
666,lega
667,Hape
668,jutaan
669,cuma
670,game
671,ini
672,yang
673,di
674,install
675,Masih
676,aja
677,lag
678,Rata
679,kanan
680,pengaturan
681,defaultnya
682,ku
683,turunkan
684,jadi
685,sedang
686,sama
687,aja
688,kualitasnya
689,gt
690,Padahal
691,untuk
692,nonton
693,YouTube
694,lancar
695,Satu
696,lagi
697,fitur
698,highlight
699,kok
700,hilang
701,setelah
702,update
703,Creation
704,camp
705,juga
706,ada
707,bug
708,di
709,mode
710,brawl
711,gak
712,bisa
713,masuk
714,match
715,Mentok
716,di
717,loading
718,match
719,Harus
720,matikan
721,hp
722,baru
723,bisa
724,batalin
725,match
726,Tolong
727,segeSistemnya
728,sekarang
729,benarbenar
730,kurang
731,ajar
732,pasti
733,setiap
734,kali
735,dari
736,epic
737,sampai
738,legend
739,pasti
740,reconnect
741,sendiri
742,terus
743,menerus
744,dan
745,tidak
746,bisa
747,masuk
748,ingame
749,padahal
750,sinyal
751,lancar
752,banget
753,memori
754,dan
755,ram
756,juga
757,masih
758,banyak
759,Mohon
760,diperbaiki
761,jangan
762,bikin
763,sistem
764,yang
765,kurang
766,ajarMasalah
767,jaringan
768,tidak
769,nyaman
770,Sebelumsebelumnya
771,meski
772,kuning
773,tetap
774,bisa
775,bermain
776,Sekarang
777,meski
778,hijau
779,kalau
780,mencapai
781,ping
782,hero
783,ngefreeze
784,tidak
785,bisa
786,digerakkan
787,Selanjutnya
788,hanya
789,bisa
790,menonton
791,AI
792,yang
793,memainkan
794,Menonton
795,itu
796,tidak
797,menyenangkanSebenarnya
798,game
799,ini
800,bagus
801,cuman
802,mohon
803,untuk
804,memperbaiki
805,macthmaking
806,nya
807,moonton
808,terutama
809,pada
810,rekan
811,tim
812,sehingga
813,bisa
814,seimbang
815,jangan
816,ngasih
817,musuh
818,yang
819,jago
820,sedangkan
821,rekan
822,tim
823,kaya
824,bot
825,susah
826,untuk
827,menaikkan
828,bintang
829,apalagi
830,di
831,rank
832,banyak
833,ku
834,temui
835,rekan
836,tim
837,yang
838,tidak
839,mau
840,bekerja
841,sama
842,ada
843,yang
844,nge
845,feed
846,dari
847,early
848,sampai
849,late
850,game
851,bahkan
852,main
853,semaunya
854,sendiri
855,Tolong
856,untuk
857,pihak
858,developer
859,untuk
860,memperbaiki
861,sistem
862,macthmakingMobile
863,legen
864,semakin
865,update
866,semakin
867,banyak
868,leg
869,banyak
870,bug
871,Joistik
872,tibatiba
873,gk
874,bisa
875,di
876,gerakan
877,tanpa
878,ada
879,gangguan
880,dari
881,sinyal
882,atau
883,yg
884,lain
885,Skil
886,makin
887,susah
888,di
889,tekan
890,Hiro
891,sering
892,jalan
893,sendiri
894,berlawanan
895,dengan
896,analog
897,Hiro
898,sering
899,cari
900,target
901,sendiri
902,tanpa
903,di
904,arahinSebagai
905,player
906,yang
907,sudah
908,lumayan
909,lama
910,saya
911,menemukan
912,masalah
913,baru
914,yang
915,membuat
916,tidak
917,nyaman
918,berkenaan
919,dengan
920,resource
921,datatolong
922,fix
923,masalah
924,ini
925,singkatnya
926,saat
927,semua
928,resource
929,sudah
930,di
931,download
932,tetapi
933,sebagian
934,hal
935,seperti
936,tampilan
937,Herotampilan
938,skil
939,juga
940,efek
941,suara
942,skill
943,bahkan
944,spelljuga
945,slide
946,yang
947,ada
948,di
949,map
950,tidak
951,berada
952,di
953,sana
954,sebagaimana
955,seharusnyadan
956,itu
957,sangat
958,menggangu
959,ini
960,sangat
961,merepotkan
962,mencari
963,data
964,data
965,yang
966,hilang
967,dan
968,memasukkannya
969,sendiri
970,satu
971,persatu
972,ayolah
973,tolong
974,perbaikiDari
975,bintang
976,langsung
977,saya
978,turunkan
979,jadi
980,bintang
981,Alasan
982,Yah
983,masa
984,setelah
985,update
986,malah
987,lag
988,geraknya
989,UI
990,patah
991,respons
992,lambat
993,Padahal
994,HP
995,saya
996,termasuk
997,range
998,menengah
999,keatas
1000,dengan
1001,RAM
1002,GB
1003,Extended
1004,RAM
1005,GB
1006,ukuran
1007,ROM
1008,juga
1009,GB
1010,dan
1011,memori
1012,masih
1013,luas
1014,aman
1015,tapi
1016,gamenya
1017,setelah
1018,update
1019,kok
1020,patahpatah
1021,Memang
1022,bagus
1023,tampilan
1024,UI
1025,nya
1026,yang
1027,baru
1028,tapi
1029,developer
1030,harus
1031,ingat
1032,ya
1033,game
1034,yang
1035,dimainkan
1036,online
1037,Realtime
1038,performa
1039,jauh
1040,lebih
1041,penting
1042,daripada
1043,penampilanUntuk
1044,moonton
1045,setelah
1046,update
1047,sistem
1048,bulan
1049,ini
1050,saya
1051,merasa
1052,kecewa
1053,dengan
1054,frame
1055,rate
1056,fps
1057,patah
1058,tidak
1059,lancar
1060,di
1061,lobby
1062,Untuk
1063,ram
1064,oke
1065,aja
1066,Gb
1067,per
1068,Gb
1069,jangan
1070,event
1071,doang
1072,lah
1073,yang
1074,ditingkatin
1075,syistem
1076,pelancaran
1077,game
1078,nya
1079,juga
1080,penting
1081,banget
1082,di
1083,game
1084,termasuk
1085,MLBB
1086,saya
1087,harap
1088,kata
1089,ini
1090,bisa
1091,menjadi
1092,pelajaran
1093,untuk
1094,moonton
1095,semoga
1096,di
1097,perbaiki
1098,kelanjutannya
1099,thnksğŸ™Makin
1100,lama
1101,terasa
1102,berat
1103,gamenya
1104,Ditambah
1105,setiap
1106,update
1107,harus
1108,ulang
1109,unduh
1110,datanya
1111,Padahal
1112,jaringan
1113,saya
1114,lancar
1115,hp
1116,saya
1117,juga
1118,devicenya
1119,bagus
1120,tapi
1121,suka
1122,terasa
1123,lag
1124,dan
1125,crash
1126,saat
1127,war
1128,Ngunduh
1129,datanya
1130,lama
1131,banget
1132,dsb
1133,Semoga
1134,kalau
1135,ada
1136,update
1137,lagi
1138,diperbarui
1139,tentang
1140,sistem
1141,matchnya
1142,juga
1143,biar
1144,adilApps
1145,nya
1146,makin
1147,parah
1148,saya
1149,main
1150,costum
1151,bisa
1152,jam
1153,gak
1154,masuk
1155,pertandingan
1156,dan
1157,saat
1158,di
1159,restart
1160,logintutup
1161,apps
1162,dan
1163,buka
1164,kembali
1165,Secara
1166,otomatis
1167,login
1168,untuk
1169,masuk
1170,pertandingan
1171,tapi
1172,bisa
1173,stak
1174,di
1175,loding
1176,â„…
1177,sampai
1178,berjam
1179,jam
1180,Dan
1181,begitu
1182,seterusnya
1183,Game
1184,makin
1185,kacauHallo
1186,monton
1187,defsaya
1188,ada
1189,beberapa
1190,keluhan
1191,nihyg
1192,pertama
1193,tolong
1194,perbaiki
1195,sistem
1196,machmackingterutama
1197,pada
1198,rekan
1199,satu
1200,timkarena
1201,beberapa
1202,mach
1203,saya
1204,sering
1205,kali
1206,menemukan
1207,player
1208,yang
1209,sudah
1210,sangat
1211,pro
1212,dan
1213,hebatsedangkan
1214,saya
1215,masih
1216,pemulapada
1217,sistem
1218,jaringan
1219,yang
1220,kurang
1221,baik
1222,dan
1223,pembawaan
1224,game
1225,nya
1226,yg
1227,terasa
1228,sangat
1229,berat
1230,serta
1231,device
1232,yg
1233,jauh
1234,di
1235,bawah
1236,rata
1237,rataTolong
1238,diperbaiki
1239,soal
1240,rekan
1241,tim
1242,Tidak
1243,masuk
1244,akal
1245,jika
1246,tiba
1247,lose
1248,streak
1249,padahal
1250,awalnya
1251,selalu
1252,menang
1253,Jika
1254,hanya
1255,karena
1256,mempertahankan
1257,medal
1258,lebih
1259,baik
1260,rank
1261,itu
1262,sendiri
1263,dihapuskan
1264,atau
1265,sebaiknya
1266,dikelola
1267,dengan
1268,baik
1269,Mengingat
1270,game
1271,ini
1272,banyak
1273,dimainkan
1274,Tolong
1275,kenyamanan
1276,player
1277,diutamakan
1278,dari
1279,untung
1280,kalian
1281,sendiri
1282,Dark
1283,system
1284,sangat
1285,mengecewakanbanyak
1286,bug
1287,di
1288,season
1289,iniiisering
1290,muncul
1291,mengunduh
1292,konten
1293,padahal
1294,udah
1295,di
1296,unduh
1297,semuanyaaaatotal
1298,kapasitas
1299,sudah
1300,GB
1301,anapalagi
1302,yang
1303,harus
1304,di
1305,unduhdan
1306,gambar
1307,heronya
1308,bulatburik
1309,ga
1310,enak
1311,diliat
1312,tolong
1313,perbaikibikin
1314,kami
1315,gak
1316,nyaman
1317,bermaindan
1318,gak
1319,mau
1320,main
1321,lagimending
1322,balikin
1323,aja
1324,donlod
1325,data
1326,yang
1327,duluyang
1328,bisa
1329,di
1330,pausega
1331,kayak
1332,ginitiap
1333,login
1334,di
1335,suruh
1336,donlod
1337,data
1338,terusterus
1339,stuck
1340,disitu
1341,ga
1342,naik
1343,naikini
1344,game
1345,kenapa
1346,si
1347,habis
1348,update
1349,pembaruan
1350,ke
1351,versi
1352,terbaru
1353,malah
1354,makin
1355,banyak
1356,bug
1357,nya
1358,mulai
1359,dari
1360,cek
1361,resource
1362,yang
1363,macet
1364,kalo
1365,ga
1366,gitu
1367,hero
1368,masih
1369,pada
1370,bulat
1371,padahal
1372,semua
1373,data
1374,sudah
1375,di
1376,download
1377,makin
1378,kesini
1379,ML
1380,makin
1381,buruk
1382,aja
1383,kualitas
1384,buruk
1385,data
1386,apk
1387,besar
1388,ga
1389,faedah
1390,besok
1391,kalo
1392,mau
1393,update
1394,di
1395,cek
1396,dulu
1397,apa
1398,ada
1399,sistem
1400,yg
1401,bermasalah
1402,atau
1403,kurangBeberapa
1404,kekurangan
1405,game
1406,ini
1407,Banyak
1408,pemain
1409,nge
1410,cheatbot
1411,yg
1412,terkesan
1413,sengaja
1414,dibiarkan
1415,agar
1416,org
1417,tertentu
1418,menang
1419,dan
1420,memiliki
1421,statistik
1422,bagus
1423,Jaringan
1424,kurang
1425,bagus
1426,dan
1427,tidak
1428,fair
1429,antar
1430,masing
1431,player
1432,Terkesan
1433,ada
1434,player
1435,yg
1436,diberikan
1437,akses
1438,jaringan
1439,lebih
1440,baik
1441,dari
1442,yang
1443,lain
1444,Statistik
1445,terkesan
1446,sudah
1447,diatur
1448,sistem
1449,Ketika
1450,anda
1451,menang
1452,selanjutnya
1453,akan
1454,dipersulit
1455,pada
1456,game
1457,berikutnya
1458,dengan
1459,modus
1460,digabung
1461,dengan
1462,pemain
1463,statistik
1464,jelek
1465,jaringan
1466,dibuat
1467,lag
1468,banyak
1469,gerakan
1470,otomatisMatchmaking
1471,tidak
1472,seimbang
1473,sering
1474,di
1475,pertemukan
1476,dengan
1477,tim
1478,bot
1479,sementara
1480,musuh
1481,nya
1482,pro
1483,jaringan
1484,bagus
1485,tapi
1486,saat
1487,dalam
1488,pertandingan
1489,jaringan
1490,menjadi
1491,merah
1492,Seperti
1493,saat
1494,saya
1495,sedang
1496,bermain
1497,awalnya
1498,ping
1499,saya
1500,ms
1501,tapi
1502,tiba
1503,tiba
1504,ping
1505,saya
1506,langsung
1507,naik
1508,menjadi
1509,ms
1510,seperti
1511,itu
1512,terus
1513,jaringan
1514,tidak
1515,stabil
1516,ping
1517,naik
1518,turun
1519,terus
1520,menerus
1521,membuat
1522,saya
1523,kesalUntuk
1524,Moonton
1525,tolong
1526,perbaiki
1527,masalah
1528,jaringan
1529,karena
1530,banyak
1531,bug
1532,jaringan
1533,yang
1534,saya
1535,alami
1536,padahal
1537,saya
1538,sudah
1539,memakai
1540,WiFi
1541,yang
1542,bisa
1543,untuk
1544,bermain
1545,game
1546,seperti
1547,ini
1548,saya
1549,sudah
1550,mencoba
1551,melakukan
1552,double
1553,koneksi
1554,wifi
1555,data
1556,tapi
1557,tetap
1558,saja
1559,masih
1560,terasa
1561,lag
1562,dari
1563,memori
1564,internal
1565,saya
1566,masih
1567,luas
1568,gb
1569,tetapi
1570,game
1571,seperti
1572,terasa
1573,berat
1574,dibandingkan
1575,STolong
1576,kembalikan
1577,performa
1578,Mobile
1579,Legends
1580,seperti
1581,dahulu
1582,Saat
1583,sinyal
1584,tidak
1585,mudah
1586,jumpingjumping
1587,Tolong
1588,sesuaikan
1589,tim
1590,sendiri
1591,dan
1592,tim
1593,lawan
1594,Tolong
1595,berikan
1596,kami
1597,lawan
1598,yang
1599,seimbang
1600,tidak
1601,mudah
1602,namun
1603,tidak
1604,mempersulit
1605,Juga
1606,untuk
1607,data
1608,jangan
1609,terlalu
1610,besar
1611,Handphone
1612,ram
1613,gb
1614,mengkismengkis
1615,sesak
1616,dGimana
1617,mau
1618,maju
1619,Memori
1620,yg
1621,di
1622,gunakan
1623,sampe
1624,gb
1625,Katanya
1626,update
1627,biar
1628,bisa
1629,memiliki
1630,pengalaman
1631,bermain
1632,yg
1633,nyaman
1634,Nyata
1635,nya
1636,itu
1637,hanya
1638,untuk
1639,yg
1640,punya
1641,gadget
1642,yg
1643,maewah
1644,dan
1645,canggih
1646,Buat
1647,kaum
1648,HP
1649,kentang
1650,lag
1651,tidak
1652,teratasi
1653,padahal
1654,udah
1655,setingan
1656,smooth
1657,Perubahan
1658,yang
1659,sangat
1660,mengecewakan
1661,Terlalu
1662,banyak
1663,bug
1664,Update
1665,nya
1666,terlalu
1667,mendahulukan
1668,eventdaripada
1669,sinyal
1670,padahal
1671,eventnya
1672,tuitu
1673,itu
1674,saja
1675,setiap
1676,tahun
1677,dark
1678,system
1679,meresahkan
1680,merugikan
1681,pemain
1682,lain
1683,bahkan
1684,saya
1685,sendiri
1686,speed
1687,modenya
1688,gak
1689,terlalu
1690,berfungsi
1691,sama
1692,aja
1693,kayak
1694,gak
1695,speed
1696,mode
1697,Untuk
1698,sinyal
1699,sama
1700,seperti
1701,no
1702,lagnya
1703,terlalu
1704,berlebihan
1705,saat
1706,main
1707,lagnya
1708,tidak
1709,berhenti
1710,sampai
1711,karakter
1712,tidak
1713,bergerak
1714,bahkan
1715,diberi
1716,peringatan
1717,anda
1718,tidak
1719,aktif
1720,menit
1721,maka
1722,akan
1723,diberi
1724,sanksi
1725,Semoga
1726,bisa
1727,diperbaikiğŸ™Untuk
1728,keseluruhan
1729,sudah
1730,bagus
1731,tapi
1732,setelah
1733,update
1734,ada
1735,beberapa
1736,yang
1737,harus
1738,di
1739,perbaiki
1740,Terlalu
1741,banyak
1742,bug
1743,Machtmaking
1744,tak
1745,sesuai
1746,Perkara
1747,jaringansinyal
1748,yang
1749,suka
1750,lagtiba
1751,hilang
1752,ketika
1753,saat
1754,war
1755,Sekian
1756,Dari
1757,Saya
1758,Dan
1759,Terimakasih
1760,â â Untuk
1761,keseluruhan
1762,sudah
1763,bagus
1764,tapi
1765,nih
1766,masalahnya
1767,Terlalu
1768,banyak
1769,bug
1770,Machtmaking
1771,tak
1772,sesuai
1773,Perkara
1774,jaringansinyal
1775,yang
1776,suka
1777,tiba
1778,lag
1779,ketika
1780,war
1781,Update
1782,yang
1783,terlalu
1784,berat
1785,untuk
1786,beberapa
1787,device
1788,TOLONG
1789,HAPUS
1790,DARK
1791,SYSTEM
1792,MOONTON
1793,Sekian
1794,Dari
1795,Saya
1796,TerimaKasih
1797,Setiap
1798,main
1799,pas
1800,di
1801,loading
1802,main
1803,pas
1804,baru
1805,mulai
1806,harus
1807,nunggu
1808,bisa
1809,sampe
1810,mnit
1811,lebih
1812,terus
1813,ada
1814,suara
1815,nging
1816,padahal
1817,hampir
1818,grafik
1819,semua
1820,hampir
1821,rata
1822,kiri
1823,resource
1824,aja
1825,pilih
1826,Dapet
1827,tim
1828,diranked
1829,bagus
1830,diawal
1831,match
1832,dpt
1833,bagus
1834,giliran
1835,match
1836,ke
1837,smpe
1838,setrusnya
1839,dpet
1840,dark
1841,system
1842,dapet
1843,tim
1844,ngetroll
1845,yang
1846,match
1847,nya
1848,masih
1849,puluhan
1850,lah
1851,Grafik
1852,hampir
1853,semua
1854,rata
1855,kiri
1856,kok
1857,masih
1858,bisa
1859,frame
1860,freeze
1861,Ini
1862,saya
1863,kasih
1864,bintang
1865,semoga
1866,diperbaiki
1867,yang
1868,di
1869,fix
1870,itu
1871,sistemnya
1872,malah
1873,byk
1874,event
1875,sama
1876,updateSebenernya
1877,udah
1878,bagus
1879,dari
1880,segi
1881,game
1882,Cuman
1883,kekurangan
1884,nya
1885,banyak
1886,jaringan
1887,suka
1888,hilang
1889,pas
1890,lagi
1891,main
1892,Pas
1893,mau
1894,mulai
1895,dapet
1896,lawan
1897,yg
1898,gak
1899,seimbang
1900,unduh
1901,resource
1902,nya
1903,terlalu
1904,memakan
1905,memori
1906,suka
1907,patah
1908,pas
1909,main
1910,lag
1911,Tolong
1912,ya
1913,diperbaiki
1914,lagi
1915,saya
1916,sebagai
1917,pemain
1918,di
1919,game
1920,ini
1921,kadang
1922,cukup
1923,dirugikan
1924,Jadi
1925,tolong
1926,dipermudah
1927,TAMBAHAN
1928,INI
1929,KENAPA
1930,YA
1931,JARINGAN
1932,SAYA
1933,MERAH
1934,KUNINGELULU
1935,PAS
1936,MAIN
1937,PADAHAL
1938,SAYA
1939,PAKE
1940,WIFI
1941,DARI
1942,KEMAREN
1943,GAK
1944,BERUBAH
1945,KEK
1946,GITU
1947,TERUS
1948,PADAHAL
1949,SEBELUMNYA
1950,UPDATE
1951,BAGUS
1952,AJATeruntuk
1953,untuk
1954,moonton
1955,di
1956,mohon
1957,perbaikan
1958,jaringannya
1959,yang
1960,tiba
1961,nge
1962,jumping
1963,dan
1964,juga
1965,perbaiki
1966,sistem
1967,matchmaking
1968,nya
1969,agar
1970,saat
1971,bermain
1972,game
1973,di
1974,temukan
1975,dengan
1976,musuh
1977,yg
1978,seimbang
1979,masa
1980,tim
1981,kek
1982,bot
1983,musuhnya
1984,jago
1985,jangan
1986,update
1987,event
1988,mulu
1989,tpi
1990,sistem
1991,ga
1992,pernah
1993,di
1994,update
1995,klo
1996,gini
1997,trus
1998,nnti
1999,ni
2000,game
2001,bakal
2002,jadi
2003,game
2004,rating
2005,terburuk
2006,Moga
2007,di
2008,responğŸ™Sistem
2009,memulihkan
2010,skor
2011,kredit
2012,yg
2013,dibatasi
2014,perharinya
2015,sesuai
2016,tingkat
2017,pelanggaran
2018,kurang
2019,adil
2020,buat
2021,saya
2022,di
2023,daerah
2024,yang
2025,sering
2026,bermasalah
2027,jaringan
2028,Saya
2029,tidak
2030,masalah
2031,di
2032,hukum
2033,AFK
2034,karna
2035,jaringan
2036,bermasalah
2037,tapi
2038,memulihkan
2039,skor
2040,kredit
2041,yang
2042,sangat
2043,lama
2044,membuat
2045,saya
2046,kesal
2047,karna
2048,tidak
2049,bisa
2050,menggunakan
2051,mode
2052,RANK
2053,Pengen
2054,mengetik
2055,dikit
2056,snsorMatchmaking
2057,yang
2058,sangat
2059,buruk
2060,khususnya
2061,untuk
2062,player
2063,soloketika
2064,main
2065,solo
2066,seringkali
2067,mengalami
2068,pertandingan
2069,yang
2070,sangatsangat
2071,tidak
2072,adil
2073,sebenarnya
2074,main
2075,untuk
2076,have
2077,fun
2078,saja
2079,kalah
2080,juga
2081,gapapa
2082,tapi
2083,kalo
2084,sistemnya
2085,dibikin
2086,semacam
2087,vs
2088,ya
2089,gabisa
2090,fun
2091,haha
2092,Memang
2093,sih
2094,Mobile
2095,Legends
2096,memegang
2097,puncak
2098,hierarki
2099,game
2100,mobile
2101,khususnya
2102,diasia
2103,tapi
2104,kalo
2105,sistemnya
2106,terusterusan
2107,seperti
2108,ini
2109,yaentahlah
2110,Untuk
2111,masalah
2112,yang
2113,lain
2114,masih
2115,bisa
2116,ditolerir
2117,tapi
2118,tidak
2119,untuk
2120,matchmaking
2121,â â â â Di
2122,aplikasi
2123,nya
2124,sering
2125,nge
2126,lag
2127,apalagi
2128,pas
2129,lagi
2130,war
2131,tulisannya
2132,jaringan
2133,buruk
2134,jaringan
2135,buruk
2136,padahal
2137,sinyal
2138,hp
2139,bagus
2140,Bikin
2141,kesel
2142,anj
2143,Jangan
2144,cuma
2145,skin
2146,aja
2147,yang
2148,di
2149,upgrade
2150,tapi
2151,kenyamanan
2152,pengguna
2153,nya
2154,juga
2155,Percuma
2156,banyak
2157,skin
2158,kalo
2159,pas
2160,main
2161,aja
2162,sering
2163,lag
2164,Terus
2165,matchmaking
2166,ga
2167,seimbang
2168,Gila
2169,ini
2170,game
2171,ngaco
2172,skin
2173,doang
2174,diperbarui
2175,tiap
2176,bulan
2177,dan
2178,otomatis
2179,memori
2180,nambah
2181,tapi
2182,permasalahan
2183,yang
2184,lebih
2185,penting
2186,ga
2187,diperbaikiIni
2188,kenapa
2189,ya
2190,setelah
2191,update
2192,ko
2193,malah
2194,jadi
2195,gajelas
2196,yahkenapa
2197,setiap
2198,saya
2199,ingin
2200,bermain
2201,rankclassic
2202,setiap
2203,loading
2204,di
2205,ingame
2206,ny
2207,ko
2208,malah
2209,ngelag
2210,yh
2211,Padahal
2212,pake
2213,wifi
2214,dan
2215,keadaan
2216,sinyal
2217,ny
2218,juga
2219,bagustiba
2220,keluar
2221,ke
2222,lobbytetapi
2223,tidak
2224,hanya
2225,sekalimatch
2226,ke
2227,juga
2228,sama
2229,ngelag
2230,tetapi
2231,tidak
2232,keluar
2233,lobby
2234,Mohon
2235,kepada
2236,developer
2237,di
2238,perbaiki
2239,yang
2240,sebaik
2241,nySetelah
2242,update
2243,malah
2244,jadi
2245,jelek
2246,banget
2247,bug
2248,di
2249,manamana
2250,Resource
2251,skin
2252,dan
2253,hero
2254,sudah
2255,didownload
2256,tetapi
2257,skin
2258,dan
2259,hero
2260,tetap
2261,saja
2262,tidak
2263,dapat
2264,dilihat
2265,Dari
2266,lobby
2267,sampai
2268,ingame
2269,bentuk
2270,hero
2271,masih
2272,saja
2273,bulat
2274,biru
2275,seperti
2276,saya
2277,sebelum
2278,mendownload
2279,resource
2280,dalam
2281,game
2282,Mohon
2283,moonton
2284,diperbaiki
2285,secepat
2286,mungkin
2287,bug
2288,iniUntuk
2289,match
2290,terlalu
2291,ekstrim
2292,banyak
2293,orang
2294,ga
2295,jelas
2296,ikut
2297,main
2298,bikin
2299,susah
2300,naik
2301,rank
2302,Lebih
2303,disaring
2304,lagi
2305,untuk
2306,match
2307,Bedakan
2308,berdasarkan
2309,match
2310,Sinyal
2311,jaringan
2312,terlalu
2313,parah
2314,Ga
2315,ada
2316,sistem
2317,buat
2318,stabil
2319,jaringan
2320,Game
2321,buruk
2322,ga
2323,bisa
2324,membedakan
2325,mana
2326,yg
2327,feed
2328,mana
2329,yang
2330,ga
2331,bisa
2332,main
2333,TololTiap
2334,Log
2335,in
2336,Pasti
2337,Ada
2338,saat
2339,dimana
2340,selalu
2341,Recconecting
2342,Di
2343,Tampilan
2344,update
2345,pembaharuan
2346,saat
2347,ini
2348,Sehingga
2349,mau
2350,tidak
2351,mau
2352,harus
2353,On
2354,Mode
2355,Pesawat
2356,lalu
2357,hidupkan
2358,data
2359,kembali
2360,Sedangkan
2361,Tes
2362,Menggunakan
2363,Aplikasi
2364,Lain
2365,Scroll
2366,dan
2367,Nonton
2368,Normal
2369,dan
2370,LancarGak
2371,usah
2372,lah
2373,bagi
2374,bagi
2375,data
2376,yang
2377,didownload
2378,bikin
2379,bug
2380,aja
2381,mulai
2382,dari
2383,gak
2384,bisa
2385,lihat
2386,demonstrasi
2387,skill
2388,beberapa
2389,bagian
2390,hero
2391,jadi
2392,bulat
2393,data
2394,hilang
2395,sendiri
2396,padahal
2397,gak
2398,ngaktifin
2399,pembersihan
2400,skin
2401,kalo
2402,bisa
2403,ya
2404,kembalikan
2405,kalo
2406,gak
2407,ya
2408,dioptimalkan
2409,fiturnya
2410,biar
2411,gak
2412,ada
2413,bug
2414,lagiAkhir
2415,akhir
2416,ini
2417,setelah
2418,update
2419,ada
2420,beberapa
2421,bug
2422,sinyal
2423,jadi
2424,gak
2425,stabil
2426,padahal
2427,sinyal
2428,wifi
2429,lancar
2430,kursor
2431,analog
2432,dan
2433,skill
2434,terasa
2435,berat
2436,perlu
2437,effort
2438,buat
2439,menekannya
2440,terlalu
2441,sering
2442,dapat
2443,rekan
2444,tim
2445,AFK
2446,dan
2447,Troll
2448,serta
2449,match
2450,making
2451,di
2452,mode
2453,apapun
2454,gak
2455,imbang
2456,tolong
2457,perbaiki
2458,terutama
2459,MATCHMAKING
2460,DAN
2461,SINYAL
2462,Tolong
2463,segera
2464,perbaiki
2465,atau
2466,bakal
2467,berhenti
2468,memainkan
2469,MLBB
2470,Oy
2471,kenapa
2472,habis
2473,update
2474,malah
2475,frameratenya
2476,sering
2477,drop
2478,Ini
2479,masalah
2480,bug
2481,atau
2482,emg
2483,servernya
2484,ga
2485,stabil
2486,Jaringan
2487,udah
2488,bagus
2489,pake
2490,wifi
2491,super
2492,cepat
2493,Kenapa
2494,malah
2495,in
2496,game
2497,fps
2498,sering
2499,drop
2500,apalagi
2501,pas
2502,war
2503,Ini
2504,kendalanya
2505,terjadi
2506,sehari
2507,setelah
2508,update
2509,patch
2510,baru
2511,tolong
2512,di
2513,perbaiki
2514,yg
2515,perlu
2516,diperbaiki
2517,ya
2518,developerDari
2519,semua
2520,game
2521,yang
2522,pernah
2523,kumainkan
2524,ini
2525,game
2526,menempati
2527,urutan
2528,pertama
2529,masalah
2530,jaringan
2531,terburuk
2532,dan
2533,sangat
2534,tidak
2535,stabil
2536,Bahkan
2537,game
2538,fps
2539,seperti
2540,codm
2541,ping
2542,stabil
2543,di
2544,dan
2545,meskipun
2546,ping
2547,jump
2548,ke
2549,hanya
2550,ada
2551,sedikit
2552,delay
2553,dan
2554,tidak
2555,terlalu
2556,terasa
2557,l
2558,bahkan
2559,saat
2560,di
2561,ping
2562,aku
2563,tidak
2564,merasakan
2565,satu
2566,pun
2567,masalah
2568,dan
2569,sering
2570,tidak
2571,sadar
2572,jika
2573,tidak
2574,melihat
2575,ping
2576,yang
2577,ada
2578,di
2579,angka
2580,Juga
2581,terdapat
2582,banyak
2583,bug
2584,seperti
2585,saat
2586,jaringan
2587,down
2588,game
2589,nya
2590,terus
2591,menerus
2592,loading
2593,untuk
2594,menghubungkan
2595,keserverAda
2596,faktor
2597,di
2598,game
2599,moba
2600,yang
2601,saya
2602,review
2603,antara
2604,lain
2605,Tolong
2606,perbaiki
2607,sinyal
2608,terutama
2609,untuk
2610,kenyamanan
2611,saat
2612,bermain
2613,kalo
2614,saya
2615,review
2616,di
2617,comment
2618,mobile
2619,legend
2620,kendala
2621,utama
2622,yaitu
2623,sinyal
2624,dan
2625,itu
2626,benar
2627,Untuk
2628,update
2629,itu
2630,sudah
2631,bagus
2632,dan
2633,tidak
2634,masalah
2635,tapi
2636,lagilagi
2637,permasalahan
2638,nya
2639,yaitu
2640,sinyal
2641,dan
2642,itu
2643,benar
2644,Kenapa
2645,update
2646,disetiap
2647,season
2648,itu
2649,tolong
2650,dikurangi
2651,dan
2652,perbaiki
2653,saja
2654,soal
2655,update
2656,yang
2657,mempengaruhi
2658,tiap
2659,player
2660,seperti
2661,sinyal
2662,yang
2663,naik
2664,turun
2665,kadang
2666,ms
2667,ms
2668,Yang
2669,menjadi
2670,kendala
2671,saat
2672,saya
2673,memainkan
2674,game
2675,ini
2676,adalah
2677,sistem
2678,matchmaking
2679,season
2680,kemarin
2681,dan
2682,season
2683,ini
2684,sangat
2685,sulit
2686,mendapatkan
2687,tim
2688,yang
2689,bisa
2690,main
2691,menang
2692,hanya
2693,kali
2694,tetapi
2695,kalahnya
2696,sampai
2697,kali
2698,Sangat
2699,sulit
2700,untuk
2701,yang
2702,sering
2703,solo
2704,player
2705,lebih
2706,banyak
2707,kalah
2708,daripada
2709,menangnya
2710,Matchmaking
2711,sangat
2712,beda
2713,dengan
2714,season
2715,season
2716,sebelumnya
2717,semakin
2718,kemari
2719,sistem
2720,matchmakingnya
2721,semakin
2722,burukTolong
2723,diperbaiki
2724,sinyal
2725,dan
2726,kapasitas
2727,penyimpanan
2728,disetiap
2729,hp
2730,android
2731,tertentu
2732,dan
2733,matchmaking
2734,yg
2735,lebih
2736,seimbang
2737,Untuk
2738,teks
2739,terkadang
2740,masih
2741,suka
2742,bug
2743,untuk
2744,menyampaikan
2745,pesan
2746,ke
2747,teman
2748,selalu
2749,diberi
2750,peringatan
2751,oleh
2752,pihak
2753,moontonmohon
2754,dikoreksi
2755,lagi
2756,jika
2757,mengandung
2758,kata
2759,kurang
2760,sopan
2761,sara
2762,gpp
2763,di
2764,ban
2765,untuk
2766,sementaraGame
2767,buruk
2768,system
2769,matchmaking
2770,game
2771,paling
2772,buruk
2773,yg
2774,pernah
2775,ada
2776,penyeimbangan
2777,tim
2778,tidak
2779,setara
2780,Setelah
2781,win
2782,x
2783,selanjutnya
2784,pasti
2785,lose
2786,x
2787,atau
2788,lebih
2789,stuck
2790,dan
2791,terus
2792,berputar
2793,seperti
2794,itu
2795,Jika
2796,tidak
2797,ada
2798,perbaikan
2799,mengenai
2800,penyeimbangan
2801,matchmaking
2802,game
2803,ini
2804,akan
2805,menjadi
2806,game
2807,moba
2808,dengan
2809,matchmaking
2810,terburuk
2811,yang
2812,pernah
2813,adaMenurut
2814,saya
2815,ini
2816,game
2817,moba
2818,yang
2819,paling
2820,bagus
2821,sih
2822,soal
2823,nya
2824,kalian
2825,dapat
2826,berkomunikasi
2827,dengan
2828,tim
2829,untuk
2830,menemukan
2831,ritme
2832,bermain
2833,kalian
2834,yang
2835,cocok
2836,kalo
2837,masalah
2838,fitur
2839,dan
2840,grafik
2841,sih
2842,gak
2843,usah
2844,di
2845,ragukan
2846,lagi
2847,hehe
2848,soal
2849,heromapsskin
2850,hero
2851,nya
2852,gak
2853,usah
2854,di
2855,raguin
2856,lagi
2857,kerenmakin
2858,lama
2859,makin
2860,bosen
2861,karena
2862,dapet
2863,tim
2864,yg
2865,g
2866,bisa
2867,maen
2868,maen
2869,game
2870,bukannya
2871,bikin
2872,seneng
2873,malah
2874,bikin
2875,orang
2876,emosi
2877,suka
2878,ngeframe
2879,jaringan
2880,sering
2881,merah
2882,jg
2883,padahal
2884,udah
2885,di
2886,setting
2887,paling
2888,rendah
2889,tolong
2890,di
2891,perbaiki
2892,lagi
2893,buat
2894,semuanya
2895,biar
2896,kita
2897,maennya
2898,tuh
2899,seneng
2900,g
2901,emosi
2902,terus
2903,cari
2904,lawan
2905,yg
2906,seimbang
2907,jangan
2908,di
2909,lihat
2910,dari
2911,level
2912,ranknya
2913,aja
2914,tapi
2915,percuma
2916,ngomong
2917,panjang
2918,lebar
2919,tapi
2920,g
2921,ada
2922,jawaban
2923,apa
2924,pun
2925,dari
2926,pihak
2927,moontonSinyalnya
2928,sangat
2929,aneh
2930,sekali
2931,padahal
2932,double
2933,jaringan
2934,wifiseluler
2935,Sangat
2936,tidak
2937,stabil
2938,sering
2939,merah
2940,sendiri
2941,tanpa
2942,alasan
2943,yang
2944,jelas
2945,Bhkan
2946,ini
2947,Mlbb
2948,update
2949,jaringan
2950,terburuk
2951,Katanya
2952,sudah
2953,di
2954,fixs
2955,Tapi
2956,blm
2957,ada
2958,perubahan
2959,Sangat
2960,tidak
2961,nyaman
2962,sekali
2963,Padahal
2964,double
2965,jaringan
2966,dan
2967,spek
2968,hp
2969,sangat
2970,mendukung
2971,Cukup
2972,kecewa
2973,dengan
2974,jaringan
2975,Kalau
2976,masalah
2977,tim
2978,cukup
2979,adil
2980,kok
2981,Cuma
2982,jaringan
2983,nya
2984,sangat
2985,parah
2986,Turnamen
2987,agustusan
2988,pun
2989,jadi
2990,tidak
2991,maksimal
2992,performa
2993,nya
2994,Agustus
2995,ini
2996,sangatlah
2997,buruk
2998,untuk
2999,jaringanSaya
3000,memiliki
3001,keluhan
3002,terhadap
3003,game
3004,ini
3005,saya
3006,selalu
3007,mendapatkan
3008,tim
3009,yang
3010,tidak
3011,dapat
3012,di
3013,andalkan
3014,dalam
3015,permainan
3016,saya
3017,mengalami
3018,kekalahan
3019,sebanyak
3020,kali
3021,lebih
3022,berturutturut
3023,saya
3024,sudah
3025,melaporkan
3026,nya
3027,ke
3028,form
3029,penyeimbangan
3030,matchmaking
3031,namun
3032,tidak
3033,kunjung
3034,mendapatkan
3035,perubahan
3036,diberi
3037,kemenangan
3038,pun
3039,hanya
3040,kali
3041,dan
3042,pada
3043,pertandingan
3044,berikut
3045,nya
3046,kekalahan
3047,terjadi
3048,lagi
3049,Maka
3050,dari
3051,itu
3052,tolong
3053,untuk
3054,memperbaiki
3055,algoritma
3056,yang
3057,telah
3058,di
3059,janjikan
3060,berkali
3061,kali
3062,ituBagus
3063,sii
3064,tapi
3065,kenapa
3066,Lost
3067,streak
3068,terossss
3069,kadang
3070,menang
3071,kadang
3072,kalah
3073,Pun
3074,banyak
3075,yang
3076,ngecit
3077,Gw
3078,pernah
3079,kena
3080,dark
3081,sistem
3082,kalah
3083,sampe
3084,kalidiperbaiki
3085,bug
3086,bug
3087,nya
3088,juga
3089,Dan
3090,perbarui
3091,sistem
3092,pertandingan
3093,agar
3094,imbang
3095,dengan
3096,lawansemoga
3097,di
3098,perbaiki
3099,ya
3100,ğŸ˜ŠğŸ‘
3101,Gua
3102,kasih
3103,bintang
3104,gara
3105,gara
3106,banyak
3107,bugterimakasihTolong
3108,Devoloper
3109,kalau
3110,di
3111,mode
3112,Creator
3113,Camp
3114,aku
3115,kan
3116,baru
3117,edit
3118,edit
3119,permainannya
3120,dan
3121,aku
3122,buat
3123,untuk
3124,umum
3125,pas
3126,udah
3127,mulai
3128,dan
3129,di
3130,pertengahan
3131,yang
3132,ada
3133,gambar
3134,gambar
3135,Hero
3136,musuh
3137,dan
3138,tim
3139,pas
3140,itu
3141,malah
3142,ada
3143,lag
3144,padahal
3145,sinyal
3146,bagus
3147,gw
3148,coba
3149,buat
3150,kaya
3151,gitu
3152,lagi
3153,kali
3154,tetep
3155,gak
3156,bisa
3157,bisa
3158,tolong
3159,di
3160,perbaikiPliss
3161,lah
3162,muntun
3163,tolong
3164,apa
3165,kek
3166,perkecil
3167,memori
3168,game
3169,nya
3170,untuk
3171,player
3172,dengan
3173,HP
3174,RAM
3175,juga
3176,susah
3177,buat
3178,main
3179,sudah
3180,patah
3181,lag
3182,pulak
3183,Keseluruhan
3184,sudah
3185,bagus
3186,hanya
3187,masalah
3188,memori
3189,saja
3190,Itu
3191,sudah
3192,cukup
3193,Kalau
3194,memori
3195,makin
3196,menambah
3197,makin
3198,banyak
3199,player
3200,ML
3201,pensiun
3202,main
3203,game
3204,iniHalo
3205,mooonton
3206,tolong
3207,di
3208,perbaiki
3209,sistem
3210,match
3211,making
3212,dan
3213,juga
3214,optimasi
3215,jaringan
3216,karena
3217,pengalaman
3218,saya
3219,saat
3220,bermain
3221,itu
3222,selalu
3223,mendapatkan
3224,tim
3225,yang
3226,tidak
3227,seimbang
3228,dan
3229,juga
3230,jaringan
3231,yang
3232,selalu
3233,tiba
3234,tiba
3235,ada
3236,nge
3237,lag
3238,padahal
3239,sinyal
3240,nya
3241,sedang
3242,bagus
3243,kalau
3244,di
3245,buka
3246,apk
3247,lain
3248,dan
3249,juga
3250,tolong
3251,di
3252,perbaiki
3253,bug
3254,banyak
3255,bug
3256,yang
3257,menggangu
3258,player
3259,YANG
3260,PALING
3261,PENTING
3262,ADALAH
3263,SISTEM
3264,MATCHMAKING
3265,YANG
3266,TIDAK
3267,SEIMBANG
3268,TOLONG
3269,DI
3270,PERBAIKIAku
3271,agak
3272,kecewa
3273,sama
3274,moonton
3275,Ini
3276,masalahnya
3277,ada
3278,banyak
3279,yang
3280,harus
3281,di
3282,revisi
3283,seperti
3284,kontroler
3285,yang
3286,ngebug
3287,misal
3288,nya
3289,itu
3290,jalan
3291,sendiri
3292,atau
3293,tidak
3294,bisa
3295,di
3296,gerakan
3297,atau
3298,error
3299,Dan
3300,untuk
3301,permasalahan
3302,matchmaking
3303,nya
3304,cukup
3305,serius
3306,seperti
3307,di
3308,rank
3309,mhytic
3310,honor
3311,bisa
3312,ketemu
3313,lejend
3314,atau
3315,yang
3316,sejenis
3317,nyaMoonton
3318,kalo
3319,ngasih
3320,tim
3321,yang
3322,bener
3323,dong
3324,masa
3325,tim
3326,ngetrol
3327,musuh
3328,pro
3329,kasih
3330,tim
3331,sm
3332,musuh
3333,yang
3334,seimbang
3335,dong
3336,jangan
3337,berat
3338,sebelah
3339,kalo
3340,bisa
3341,perbaiki
3342,ni
3343,game
3344,biar
3345,tim
3346,nya
3347,ga
3348,ngetrol
3349,terus
3350,makin
3351,lama
3352,makin
3353,ga
3354,bener
3355,ni
3356,game
3357,Tolong
3358,secepatnya
3359,di
3360,perbaiki
3361,kalo
3362,ga
3363,saya
3364,hapus
3365,aja
3366,ni
3367,game
3368,Saya
3369,kasih
3370,bintang
3371,satu
3372,dulu
3373,karena
3374,saya
3375,belum
3376,puas
3377,sama
3378,ni
3379,game
3380,Jangan
3381,skin
3382,dong
3383,yang
3384,di
3385,banyakin
3386,monton
3387,perbaiki
3388,juga
3389,lah
3390,masalah
3391,sinyal
3392,sama
3393,tim
3394,nya
3395,skin
3396,diperbanyak
3397,buat
3398,apa
3399,ga
3400,ada
3401,gunanya
3402,GAME
3403,GA
3404,JELASDi
3405,season
3406,terbaru
3407,ini
3408,ntah
3409,kenapa
3410,performa
3411,game
3412,menurun
3413,drastis
3414,dari
3415,lag
3416,yang
3417,tidak
3418,jelaspadahal
3419,jaringan
3420,wifijaringan
3421,data
3422,seluler
3423,sangat
3424,bagus
3425,bug
3426,analog
3427,ga
3428,kepencetanalog
3429,lepas
3430,sendiri
3431,dari
3432,jari
3433,pemain
3434,mode
3435,lock
3436,hero
3437,lepas
3438,sendiri
3439,waktu
3440,ngedash
3441,dan
3442,pencocokan
3443,matchmaking
3444,yang
3445,tidak
3446,jelas
3447,membuat
3448,game
3449,terasa
3450,sulit
3451,dan
3452,banyak
3453,cheater
3454,yang
3455,menggunakan
3456,rwroom
3457,wangi
3458,dkdukuncheater
3459,yang
3460,menggunakan
3461,map
3462,hack
3463,doddodge
3464,matchmakingSebenarnya
3465,salut
3466,banget
3467,sama
3468,moonton
3469,karena
3470,ML
3471,jadi
3472,game
3473,yang
3474,bagus
3475,untuk
3476,dimainkan
3477,Namun
3478,hanya
3479,saja
3480,ada
3481,beberapa
3482,masalah
3483,yang
3484,tidak
3485,saya
3486,suka
3487,yaitu
3488,untuk
3489,matchmaking
3490,tidak
3491,seimbang
3492,seharusnya
3493,moonton
3494,lebih
3495,tahu
3496,bagaimana
3497,suatu
3498,tim
3499,bisa
3500,seimbang
3501,kemudian
3502,pada
3503,pingsinyal
3504,terkadang
3505,saat
3506,sinyal
3507,saya
3508,merah
3509,atau
3510,naik
3511,ada
3512,bug
3513,dimana
3514,notifikasi
3515,ping
3516,naik
3517,tidak
3518,keluar
3519,saat
3520,ditekan
3521,melainkan
3522,yang
3523,ada
3524,hanya
3525,sinyal
3526,hijau
3527,turun
3528,Mohon
3529,diperbaiki
3530,kembaliBanyak
3531,sekali
3532,bug
3533,sekarang
3534,Kemaren
3535,full
3536,udah
3537,download
3538,semua
3539,Tiba
3540,Hero
3541,ga
3542,nampak
3543,skin
3544,hilang
3545,ga
3546,nampak
3547,padahal
3548,download
3549,an
3550,full
3551,semua
3552,kecuali
3553,bahasa
3554,Di
3555,bagian
3556,menu
3557,pun
3558,gak
3559,ada
3560,tampilan
3561,hero
3562,nya
3563,Tolong
3564,di
3565,perbaikiUntuk
3566,kesekian
3567,kali
3568,nya
3569,tetap
3570,Masalah
3571,nya
3572,selalu
3573,ngelaaaaag
3574,saya
3575,pribadi
3576,sudah
3577,menggunakan
3578,perangkat
3579,yang
3580,mumpuni
3581,sinyal
3582,amat
3583,sangat
3584,bagus
3585,akan
3586,tetapi
3587,masih
3588,saja
3589,ngelag
3590,saya
3591,sudah
3592,nyoba
3593,bermacam
3594,cara
3595,jangan
3596,cuma
3597,mikirin
3598,masalah
3599,skin
3600,baru
3601,atau
3602,upgrade
3603,even
3604,saja
3605,fikirin
3606,juga
3607,persoalan
3608,ngelag
3609,kasih
3610,team
3611,tak
3612,sesuai
3613,tidak
3614,seimbang
3615,tolong
3616,di
3617,tanggapiMakin
3618,lama
3619,makin
3620,parah
3621,lag
3622,mulu
3623,ketika
3624,team
3625,fight
3626,signal
3627,yg
3628,semula
3629,hijau
3630,langsung
3631,ngedrop
3632,jadi
3633,merah
3634,kadang
3635,ditengah
3636,war
3637,langsung
3638,ada
3639,tulisan
3640,menghubungkan
3641,ulang
3642,padahal
3643,sinyal
3644,hp
3645,dan
3646,wifi
3647,aman
3648,apakah
3649,moonton
3650,sudah
3651,tidak
3652,berfokus
3653,pada
3654,kenyamanan
3655,pemain
3656,dan
3657,hanya
3658,perduli
3659,pada
3660,upgrade
3661,skin
3662,dan
3663,hero
3664,baru
3665,Padahal
3666,masalah
3667,utama
3668,di
3669,game
3670,ini
3671,adalah
3672,performa
3673,lag
3674,nya
3675,yang
3676,makin
3677,parah
3678,dan
3679,kalo
3680,war
3681,rame
3682,tampilan
3683,jadi
3684,patah
3685,patah
3686,skill
3687,dan
3688,analog
3689,jadi
3690,delay
3691,dan
3692,ujungnya
3693,signal
3694,drop
3695,jadi
3696,merah
3697,payahKeluh
3698,kesah
3699,banget
3700,nih
3701,hari
3702,ini
3703,Pliss
3704,lah
3705,dari
3706,pihak
3707,moonton
3708,tolong
3709,kondisi
3710,jaringan
3711,di
3712,stabilin
3713,jaringan
3714,saya
3715,buat
3716,Instagram
3717,youtube
3718,facebook
3719,dan
3720,lainlain
3721,lancar
3722,aja
3723,kenceng
3724,kapasitas
3725,jaringannya
3726,cuma
3727,kalo
3728,udah
3729,masuk
3730,ke
3731,mobile
3732,legend
3733,turun
3734,kapasitas
3735,kecepetan
3736,jaringannya
3737,drastis
3738,dan
3739,gua
3740,jadi
3741,afk
3742,keluar
3743,dari
3744,game
3745,dan
3746,lagi
3747,kalo
3748,ngemacht
3749,musuh
3750,atau
3751,rekan
3752,tim
3753,yang
3754,sesuai
3755,lah
3756,masa
3757,di
3758,tim
3759,gua
3760,bot
3761,mm
3762,kill
3763,exp
3764,kill
3765,musuhnya
3766,keenakan
3767,gua
3768,sebagai
3769,user
3770,hyper
3771,capekGame
3772,ini
3773,bagus
3774,tapi
3775,Banya
3776,keluhan
3777,yg
3778,moonton
3779,harus
3780,tau
3781,Terjadi
3782,banyak
3783,bug
3784,yang
3785,meresahkan
3786,Musuh
3787,tidak
3788,sesuai
3789,dengan
3790,tim
3791,Terkadang
3792,jaringan
3793,yang
3794,stabil
3795,tiba
3796,tiba
3797,jadi
3798,buruk
3799,padahal
3800,sinyal
3801,nya
3802,baik
3803,Saat
3804,pemilihan
3805,hero
3806,taerkadang
3807,banyak
3808,lag
3809,sehingga
3810,tidak
3811,bisa
3812,memilih
3813,hero
3814,terkadang
3815,macet
3816,macet
3817,jadi
3818,susah
3819,gerak
3820,dan
3821,klo
3822,g
3823,cepet
3824,bisa
3825,di
3826,kill
3827,musuh
3828,Setelah
3829,di
3830,update
3831,lag
3832,fan
3833,bug
3834,semakin
3835,parah
3836,Saat
3837,main
3838,gambarnya
3839,diam
3840,g
3841,bisa
3842,gerak
3843,tau
3844,ny
3845,udh
3846,selesai
3847,dan
3848,jadi
3849,AFK
3850,padahal
3851,gd
3852,niat
3853,AFKAneh
3854,padahal
3855,penyimpanan
3856,masih
3857,banyak
3858,masa
3859,lag
3860,sedikit
3861,langsung
3862,relog
3863,gameplay
3864,ku
3865,rusak
3866,dibuat
3867,mootonkalau
3868,aku
3869,jago
3870,sigapapaaku
3871,tidak
3872,jago
3873,mooton
3874,ini
3875,ada
3876,apa
3877,si
3878,ini
3879,winrate
3880,udah
3881,habishabisanmasa
3882,gameplay
3883,pun
3884,mau
3885,dirusakdapat
3886,yang
3887,tim
3888,yang
3889,tidak
3890,kompak
3891,terusdapat
3892,lawan
3893,tidak
3894,kirakira
3895,skill
3896,nya
3897,kalau
3898,kaya
3899,gini
3900,terus
3901,kapan
3902,setiap
3903,player
3904,ada
3905,kemajuan
3906,performa
3907,kalau
3908,dibarengin
3909,sama
3910,timtim
3911,yang
3912,egoissaya
3913,bukan
3914,pro
3915,playerdiluar
3916,pemikiran
3917,saya
3918,kalo
3919,dapat
3920,tim
3921,yang
3922,ituitu
3923,terusHalo
3924,moonton
3925,saya
3926,ada
3927,beberapa
3928,keluhan
3929,nih
3930,Yang
3931,pertama
3932,tolong
3933,perbaiki
3934,beberapa
3935,sistem
3936,matchmaking
3937,terutama
3938,pada
3939,rekan
3940,tim
3941,karna
3942,beberapa
3943,match
3944,saya
3945,sering
3946,sekali
3947,menemukan
3948,player
3949,yang
3950,sudah
3951,sangat
3952,pro
3953,sedangkan
3954,saya
3955,masih
3956,pemulasangat
3957,sulit
3958,rasanya
3959,ingin
3960,mengejar
3961,imortalIni
3962,update
3963,s
3964,banyak
3965,banget
3966,bug
3967,nya
3968,entah
3969,skill
3970,gambar
3971,telur
3972,potret
3973,skin
3974,ga
3975,muncul
3976,hero
3977,grafik
3978,low
3979,Padahal
3980,di
3981,seting
3982,grafik
3983,nya
3984,tinggi
3985,Setiap
3986,abis
3987,match
3988,download
3989,ulang
3990,fitur
3991,padahal
3992,udah
3993,di
3994,download
3995,semuaSekarang
3996,game
3997,nya
3998,jadi
3999,gk
4000,jelas
4001,sering
4002,terjadi
4003,bug
4004,padahal
4005,sinyal
4006,saya
4007,lancar
4008,aja
4009,tapi
4010,malah
4011,nge
4012,freeze
4013,bikin
4014,gk
4015,mood
4016,main
4017,aja
4018,WR
4019,saya
4020,juga
4021,jadi
4022,turun
4023,karna
4024,keseringan
4025,bug
4026,trus
4027,sekarang
4028,banyak
4029,pemain
4030,yang
4031,ngetroll
4032,klo
4033,lagi
4034,nge
4035,rank
4036,jadi
4037,susah
4038,naik
4039,Tolong
4040,buat
4041,monton
4042,di
4043,perbaiki
4044,masalah
4045,jaringan
4046,nya
4047,soalnya
4048,saya
4049,sudah
4050,cape
4051,naikin
4052,wr
4053,malah
4054,jadi
4055,turun
4056,karena
4057,bug
4058,Intinya
4059,saya
4060,kecewa
4061,banget
4062,saya
4063,ml
4064,yang
4065,sekarang
4066,Dan
4067,tolong
4068,hapus
4069,drak
4070,system
4071,nya
4072,Terima
4073,kasihPerforma
4074,nya
4075,agak
4076,menurun
4077,ya
4078,saya
4079,rasa
4080,sinyal
4081,sering
4082,crash
4083,secara
4084,tiba
4085,tiba
4086,padahal
4087,jaringan
4088,data
4089,seluler
4090,aman
4091,Itu
4092,saya
4093,rasakan
4094,di
4095,dua
4096,Simcard
4097,berbeda
4098,spek
4099,hp
4100,aman
4101,Ram
4102,apa
4103,masih
4104,kurang
4105,tolong
4106,diperbaiki
4107,termasuk
4108,pemilihan
4109,lawan
4110,main
4111,yg
4112,dirasa
4113,sangat
4114,jauh
4115,berbeda
4116,EDIT
4117,TERBARU
4118,sekitar
4119,pukul
4120,tadi
4121,saya
4122,main
4123,dan
4124,menemukan
4125,lag
4126,parah
4127,yang
4128,benar
4129,benar
4130,mempengaruhi
4131,permainan
4132,sehingga
4133,tim
4134,kami
4135,kalah
4136,Tolong
4137,perbaiki
4138,wahai
4139,Moontoon
4140,padahal
4141,jaringan
4142,saya
4143,normal
4144,sinyal
4145,full
4146,barMakin
4147,kesini
4148,grafik
4149,makin
4150,di
4151,tingkatkan
4152,tapi
4153,game
4154,terlalu
4155,berat
4156,dan
4157,gk
4158,bisa
4159,semua
4160,tipe
4161,chipset
4162,bisa
4163,mainin
4164,game
4165,nya
4166,apalagi
4167,ada
4168,yg
4169,user
4170,RAM
4171,jadi
4172,makin
4173,susah
4174,buat
4175,login
4176,nya
4177,mau
4178,nyari
4179,yg
4180,versi
4181,lite
4182,pun
4183,blm
4184,tentu
4185,ukuran
4186,game
4187,bisa
4188,lebih
4189,kecil
4190,kadang
4191,sama
4192,aja
4193,dan
4194,malah
4195,terlalu
4196,berat
4197,buat
4198,chipset
4199,rendahTolong
4200,perbaiki
4201,lagi
4202,untuk
4203,jaringan
4204,nyatiba
4205,selalu
4206,jumpingdi
4207,tambah
4208,disaat
4209,mencari
4210,lawanitu
4211,kadang
4212,ga
4213,seimbang
4214,tim
4215,aku
4216,sama
4217,tim
4218,musuh
4219,seimbangkan
4220,lagi
4221,untuk
4222,pencaria
4223,mact
4224,making
4225,nya
4226,terutama
4227,dark
4228,sistemitu
4229,seperti
4230,terus
4231,menerus
4232,sehingga
4233,saya
4234,terlalu
4235,banyak
4236,kekalahanbaik
4237,di
4238,mode
4239,rank
4240,mau
4241,pun
4242,classic
4243,Nick
4244,sayağŸ—¿ğŸ—¿ğŸ—¿ğŸ—¿Banyak
4245,hal
4246,yg
4247,harus
4248,diperbaiki
4249,dalam
4250,game
4251,ini
4252,seperti
4253,yg
4254,aku
4255,alami
4256,saat
4257,ini
4258,kadang
4259,tombol
4260,tak
4261,bisa
4262,digunakan
4263,saat
4264,mau
4265,maju
4266,kadang
4267,tombol
4268,menyerang
4269,bermasalah
4270,mau
4271,gerak
4272,sendiri
4273,Memang
4274,game
4275,ini
4276,mengasyikkan
4277,tapi
4278,banyak
4279,masalah
4280,apa
4281,lagi
4282,mengenai
4283,lagbug
4284,sungguh
4285,sangat
4286,mengganggu
4287,saat
4288,permainan
4289,sengit
4290,Kadang
4291,mau
4292,keluar
4293,sendiri
4294,tanpa
4295,dikeluarkan
4296,begitu
4297,saya
4298,masuk
4299,lagi
4300,eehh
4301,malah
4302,dapat
4303,hukuman
4304,afk
4305,Sungguh
4306,mengecewakan
4307,dalam
4308,hal
4309,ini
4310,Tolong
4311,diralat
4312,kembali
4313,dengan
4314,teliti
4315,pihak
4316,moonton
4317,dgn
4318,telitiSaya
4319,kasih
4320,bintang
4321,satukenapa
4322,setiap
4323,mau
4324,main
4325,ada
4326,kendala
4327,ngelag
4328,terus
4329,padahal
4330,jaringan
4331,saya
4332,sangat
4333,bagussemenjak
4334,apk
4335,nya
4336,d
4337,revamp
4338,kapasitas
4339,nya
4340,terlalu
4341,berat
4342,sehingga
4343,saya
4344,mau
4345,main
4346,ngelag
4347,parah
4348,dan
4349,tiba
4350,keluar
4351,sendir
4352,Tolong
4353,ubah
4354,lagi
4355,seperti
4356,dulu
4357,Semenjak
4358,d
4359,update
4360,temen
4361,saya
4362,pada
4363,gk
4364,main
4365,game
4366,ini
4367,lagi
4368,karena
4369,kapasitas
4370,nya
4371,yang
4372,terlalu
4373,beratdan
4374,pas
4375,awal
4376,mau
4377,main
4378,suka
4379,tiba
4380,keluar
4381,sendiringelag
4382,gk
4383,jelas
4384,padahal
4385,jaringan
4386,nya
4387,sangat
4388,bagus
4389,Saya
4390,akan
4391,pindah
4392,game
4393,sajaPengalaman
4394,matchmaking
4395,yang
4396,sangat
4397,burukbukan
4398,hanya
4399,saya
4400,hampir
4401,semua
4402,user
4403,mengalami
4404,hal
4405,yang
4406,samayaitu
4407,mendapat
4408,tim
4409,yang
4410,tidak
4411,sepadan
4412,dengan
4413,musuhmusuh
4414,terlalu
4415,kuatsedangkan
4416,tim
4417,berisi
4418,player
4419,tidak
4420,bergunaseharusnya
4421,mlbb
4422,segera
4423,memperbaiki
4424,masalah
4425,jika
4426,tidak
4427,ingin
4428,peminat
4429,dan
4430,para
4431,usernya
4432,berkurangGame
4433,aneh
4434,match
4435,bapuk
4436,dapet
4437,tim
4438,itu
4439,itu
4440,mulu
4441,sklillnya
4442,kasih
4443,yg
4444,sepadan
4445,sinyal
4446,juga
4447,kadang
4448,ilang
4449,udh
4450,pakek
4451,wifi
4452,data
4453,masih
4454,aja
4455,di
4456,kasih
4457,dark
4458,sistem
4459,salah
4460,satunya
4461,saat
4462,gw
4463,mau
4464,maju
4465,nyergap
4466,musuh
4467,sinyal
4468,saat
4469,itu
4470,lancar
4471,eh
4472,tiba
4473,tiba
4474,dibuat
4475,lag
4476,detik
4477,anpas
4478,gw
4479,lihat
4480,temen
4481,gw
4482,maen
4483,ml
4484,pakek
4485,wifi
4486,yg
4487,sama
4488,lancar
4489,lancar
4490,aja
4491,dia
4492,maen
4493,jan
4494,pilih
4495,kasih
4496,napa
4497,gw
4498,juga
4499,pengen
4500,naik
4501,rank
4502,gitu
4503,aja
4504,dipersulit
4505,saran
4506,saya
4507,perbaiki
4508,hal
4509,tersebutSkrng
4510,MLBB
4511,jdi
4512,gmna
4513,sih
4514,Banyak
4515,bug
4516,nya
4517,Minimal
4518,jangan
4519,smpe
4520,ngebug
4521,di
4522,loby
4523,kek
4524,ini
4525,event
4526,gk
4527,bisa
4528,di
4529,buka
4530,kalau
4531,main
4532,heronya
4533,jadi
4534,bola
4535,semua
4536,padahal
4537,download
4538,udh
4539,semua
4540,performa
4541,main
4542,juga
4543,jadi
4544,gk
4545,seimbang
4546,Mulu
4547,jadi
4548,gk
4549,seru
4550,pantes
4551,bnyk
4552,bngt
4553,player
4554,yg
4555,pensiun
4556,yang
4557,di
4558,perhatikan
4559,cuman
4560,kolab
4561,new
4562,skin
4563,revamp
4564,doank
4565,Tolong
4566,lah
4567,di
4568,perbaiki
4569,permasalahannya
4570,biar
4571,enak
4572,semuanya
4573,moontonnnnnGame
4574,paling
4575,aneh
4576,dalam
4577,segi
4578,match
4579,up
4580,Main
4581,solo
4582,kali
4583,dikasih
4584,team
4585,aneh
4586,Semoga
4587,kedepannya
4588,yang
4589,update
4590,bukan
4591,cuma
4592,tampilan
4593,in
4594,game
4595,tapi
4596,gamenya
4597,juga
4598,Semoga
4599,segenap
4600,development
4601,tambah
4602,bijak
4603,dalam
4604,menangani
4605,masalahmasalah
4606,yang
4607,udh
4608,lama
4609,tapi
4610,ga
4611,ditangani
4612,segeraTadi
4613,pakai
4614,hero
4615,Aamon
4616,kenapa
4617,sering
4618,sekali
4619,salah
4620,sasaran
4621,Serangnyaa
4622,bukan
4623,hero
4624,lawan
4625,malahan
4626,ke
4627,Minion
4628,atau
4629,monster
4630,terus
4631,mau
4632,pakai
4633,skill
4634,nyaa
4635,udah
4636,di
4637,pencet
4638,gak
4639,aktif
4640,aktif
4641,berkalikali
4642,posisi
4643,dekat
4644,lagi
4645,terus
4646,mau
4647,mundur
4648,pastinya
4649,maju
4650,dulu
4651,baru
4652,mundur
4653,kalo
4654,jaringan
4655,aman
4656,warna
4657,hijau
4658,sampai
4659,pertandingan
4660,sampai
4661,selesai
4662,masih
4663,aman
4664,Sering
4665,terjadi
4666,dalam
4667,permainan
4668,TerimaUpdate
4669,yang
4670,tidak
4671,berguna
4672,Setelah
4673,terhapus
4674,dari
4675,hp
4676,saya
4677,dan
4678,saya
4679,download
4680,lagi
4681,itu
4682,ga
4683,bisa
4684,login
4685,pas
4686,sudah
4687,di
4688,loby
4689,auto
4690,keluar
4691,dan
4692,masuk
4693,lagi
4694,gtu
4695,terus
4696,padahal
4697,jaringan
4698,disni
4699,kecepetan
4700,sudah
4701,mbpsuntuk
4702,ml
4703,versi
4704,terbaru
4705,ini
4706,sangat
4707,tidak
4708,menyenangkan
4709,game
4710,menjadi
4711,terasa
4712,berat
4713,dan
4714,rasa
4715,kemoba
4716,an
4717,nya
4718,menjadi
4719,seperti
4720,hilang
4721,karena
4722,adanya
4723,gambar
4724,Hero
4725,di
4726,depan
4727,terjadi
4728,banyak
4729,masalah
4730,dimana
4731,semua
4732,data
4733,sudah
4734,full
4735,download
4736,tpi
4737,hero
4738,tetap
4739,telorGak
4740,seru
4741,ML
4742,Kadang
4743,sering
4744,buat
4745,emosi
4746,Player
4747,bocil
4748,gak
4749,guna
4750,Tambah
4751,lagi
4752,sistem
4753,Moontoon
4754,menurunkan
4755,semua
4756,player
4757,ke
4758,LV
4759,yang
4760,sama
4761,Sulit
4762,buat
4763,main
4764,serasa
4765,main
4766,sendiri
4767,Great
4768,Gua
4769,gak
4770,kecewa
4771,dan
4772,gak
4773,akan
4774,main
4775,lagihero
4776,bagus
4777,tampilan
4778,skin
4779,oke
4780,tapi
4781,sistem
4782,pertandingan
4783,gak
4784,jelas
4785,pertandingan
4786,cuma
4787,sia
4788,sia
4789,kalah
4790,menang
4791,gak
4792,cuma
4793,itu
4794,tim
4795,nya
4796,bebannoob
4797,sedangkan
4798,musuh
4799,pro
4800,apakah
4801,ini
4802,sistem
4803,pertandingan
4804,game
4805,moba
4806,kalau
4807,pertandingan
4808,gak
4809,imbang
4810,lama
4811,lama
4812,player
4813,lain
4814,pada
4815,pensi
4816,jangan
4817,update
4818,aja
4819,yang
4820,lancar
4821,tapi
4822,pertandingn
4823,juga
4824,harus
4825,di
4826,perbaiki
4827,terima
4828,kasih
4829,jaringan
4830,baik
4831,dan
4832,cukup
4833,masih
4834,aja
4835,lag
4836,kadang
4837,ping
4838,ms
4839,tbtb
4840,ms
4841,nya
4842,lama
4843,banget
4844,lalu
4845,normal
4846,lagi
4847,lalu
4848,jumping
4849,tinggi
4850,lagi
4851,sistem
4852,matchmakingnya
4853,gajelas
4854,kebanyakan
4855,dapet
4856,tim
4857,yang
4858,gak
4859,seimbang
4860,seperti
4861,dapet
4862,tim
4863,yang
4864,baru
4865,bisa
4866,main
4867,ML
4868,tapi
4869,di
4870,tier
4871,rank
4872,tinggi
4873,pas
4874,main
4875,jadi
4876,beban
4877,sehingga
4878,menyebabkan
4879,kekalahan
4880,dan
4881,lawannua
4882,proplayer
4883,yang
4884,diatas
4885,kita
4886,To
4887,Moonton
4888,Tolong
4889,di
4890,perbaiki
4891,lagi
4892,dengan
4893,segera
4894,problem
4895,yang
4896,sedang
4897,dalam
4898,keluhan
4899,pengguna
4900,agar
4901,memberikan
4902,kenyaman
4903,bagi
4904,penggunanyaSejak
4905,sistem
4906,bintang
4907,diterapkan
4908,saya
4909,menerima
4910,segala
4911,ke
4912,tidak
4913,simbangan
4914,seperti
4915,bermain
4916,di
4917,rank
4918,musuh
4919,yang
4920,saya
4921,hadapi
4922,jauh
4923,melampaui
4924,kemampuan
4925,saya
4926,sedangkan
4927,timrekan
4928,saya
4929,sendiri
4930,seperti
4931,bot
4932,kadang
4933,trol
4934,dan
4935,banyak
4936,lagi
4937,sejak
4938,rank
4939,di
4940,ubah
4941,dari
4942,poin
4943,ke
4944,bintang
4945,disaatsistem
4946,bintang
4947,diterapkan
4948,di
4949,rank
4950,tingi
4951,saya
4952,merasa
4953,sangat
4954,susah
4955,melawan
4956,musuh
4957,dan
4958,saya
4959,beberapa
4960,kali
4961,sudah
4962,berpartisipasi
4963,kepada
4964,pihak
4965,monton
4966,tapi
4967,no
4968,responIni
4969,sehabis
4970,update
4971,hero
4972,nolan
4973,maen
4974,brawlclaiscrank
4975,knp
4976,jadi
4977,detik
4978,jaringan
4979,merah
4980,yaaterus
4981,detik
4982,hijau
4983,yaa
4984,Apa
4985,memperngaruh
4986,ketika
4987,saya
4988,pt
4989,dgn
4990,publik
4991,team
4992,sinyal
4993,merah
4994,semua
4995,Sehabis
4996,match
4997,sampe
4998,skrg
4999,Malah
5000,sinyal
5001,gk
5002,jelas
5003,Padahal
5004,sinyal
5005,bar
5006,stabil
5007,di
5008,sinyal
5009,bisa
5010,tiba
5011,tiba
5012,hilang
5013,ping
5014,naik
5015,turun
5016,padahal
5017,pake
5018,wifi
5019,yang
5020,pake
5021,cuma
5022,gw
5023,doang
5024,Muncul
5025,tulisan
5026,menghubung
5027,kembali
5028,setiap
5029,mau
5030,war
5031,padahal
5032,dulu
5033,nggak
5034,pernah
5035,Wifi
5036,gw
5037,dipake
5038,download
5039,file
5040,besar
5041,juga
5042,lancar
5043,dan
5044,cepet
5045,buat
5046,main
5047,ml
5048,malah
5049,lag
5050,padahal
5051,nggak
5052,butuh
5053,banyak
5054,dataSemenjak
5055,diperbarui
5056,sering
5057,sekali
5058,masalah
5059,lag
5060,disaat
5061,war
5062,jadi
5063,performa
5064,bermain
5065,tidak
5066,maksimal
5067,karena
5068,skill
5069,yang
5070,digunakan
5071,tidak
5072,berfungsi
5073,karena
5074,hp
5075,yang
5076,sudah
5077,menggunakan
5078,prosessor
5079,snapdragon
5080,dengan
5081,Ram
5082,GB
5083,yang
5084,sebenernya
5085,masih
5086,layak
5087,buat
5088,bisa
5089,mengikuti
5090,game
5091,yang
5092,berkompetisi
5093,ini
5094,dilihat
5095,dari
5096,player
5097,yang
5098,masih
5099,banyak
5100,memiliki
5101,kurangnya
5102,spek
5103,yang
5104,rendah
5105,sebaiknya
5106,game
5107,tidak
5108,terlalu
5109,memikirkan
5110,visual
5111,yang
5112,begitu
5113,wah
5114,karena
5115,demi
5116,kenyamanan
5117,untuk
5118,seorang
5119,player
5120,yang
5121,bermainKenapa
5122,lg
5123,ini
5124,game
5125,Kalian
5126,juga
5127,tahu
5128,sendiri
5129,lahbanyaknya
5130,masalah
5131,matchmaking
5132,game
5133,ini
5134,Mulai
5135,dari
5136,tim
5137,dongogk
5138,seimbangngetrollgk
5139,bisa
5140,maindll
5141,Ditambah
5142,lagi
5143,update
5144,interface
5145,yg
5146,bikin
5147,gamenya
5148,makin
5149,berat
5150,Jadi
5151,sering
5152,lagping
5153,naik
5154,turunngeframe
5155,drop
5156,dah
5157,jadi
5158,makanan
5159,seharihari
5160,Hp
5161,menengah
5162,kebawah
5163,mulai
5164,kelojotan
5165,jalanin
5166,ini
5167,game
5168,walaupun
5169,pakai
5170,grafis
5171,rata
5172,kiri
5173,Tiap
5174,update
5175,selalu
5176,utamain
5177,skinevent
5178,dan
5179,gk
5180,memperhatikan
5181,kenyamanan
5182,gameplay
5183,dan
5184,keluh
5185,kesah
5186,para
5187,playernya
5188,Entahlah
5189,N
5190,bgUntuk
5191,kali
5192,ini
5193,saya
5194,memberikan
5195,bintang
5196,satu
5197,di
5198,karena
5199,di
5200,dalam
5201,game
5202,terjadi
5203,banyak
5204,bug
5205,salah
5206,satunya
5207,terjadi
5208,lag
5209,padahal
5210,jaringan
5211,bagus
5212,dan
5213,ping
5214,dalam
5215,game
5216,berwarna
5217,hijau
5218,tetapi
5219,di
5220,dalam
5221,mact
5222,ataupun
5223,pertandingan
5224,terjadi
5225,lag
5226,saya
5227,harap
5228,masalah
5229,itu
5230,bisa
5231,di
5232,perbaikiDark
5233,System
5234,aku
5235,ga
5236,tau
5237,itu
5238,benar
5239,adanya
5240,atau
5241,tidak
5242,tapi
5243,yang
5244,kurasakan
5245,saat
5246,dalam
5247,permainan
5248,aku
5249,sering
5250,mengalami
5251,kekalahan
5252,karena
5253,terlalu
5254,sering
5255,mendapatkan
5256,rekan
5257,tim
5258,tak
5259,berguna
5260,dan
5261,selalu
5262,mendapatkan
5263,musuh
5264,yang
5265,kompak
5266,dalam
5267,setiap
5268,team
5269,fightnya
5270,dan
5271,satu
5272,lagi
5273,setelah
5274,update
5275,ini
5276,kenapa
5277,banyak
5278,sekali
5279,bugnya
5280,dimana
5281,sebagian
5282,besar
5283,dari
5284,tampilan
5285,hero
5286,bak
5287,seperti
5288,telor
5289,dan
5290,itu
5291,sangat
5292,menyebalkan
5293,sama
5294,seperti
5295,moonton
5296,yang
5297,menyebalkan
5298,dan
5299,RSSSetelah
5300,update
5301,versi
5302,terbaru
5303,bukannya
5304,makin
5305,lancar
5306,malah
5307,lebih
5308,sering
5309,mengalami
5310,bug
5311,ataupun
5312,aplikasi
5313,tidak
5314,dapat
5315,beroperasi
5316,Salah
5317,satu
5318,penyebab
5319,pertandingan
5320,lose
5321,strike
5322,sebanyak
5323,kali
5324,entah
5325,itu
5326,dimode
5327,apapunGame
5328,nya
5329,jelek
5330,banget
5331,sering
5332,lag
5333,saat
5334,war
5335,padahal
5336,jaringan
5337,nya
5338,bagus
5339,tapi
5340,pas
5341,main
5342,game
5343,ini
5344,langsung
5345,lag
5346,merah
5347,dan
5348,patahpatahh
5349,Dan
5350,jangan
5351,update
5352,terusssssss
5353,nanti
5354,bagaimana
5355,nasib
5356,HP
5357,yang
5358,ram
5359,Bila
5360,perlu
5361,tidak
5362,usah
5363,merilis
5364,project
5365,next
5366,Sekarang
5367,lebih
5368,banyak
5369,bug
5370,Padahal
5371,sudah
5372,semuanya
5373,di
5374,download
5375,data
5376,tapi
5377,tiba
5378,gambar
5379,di
5380,menu
5381,utama
5382,hilang
5383,Kalau
5384,mau
5385,seperti
5386,semula
5387,harus
5388,hpus
5389,game
5390,nya
5391,download
5392,ulang
5393,lagi
5394,Rugi
5395,kuota
5396,rugi
5397,waktu
5398,sekarang
5399,cuma
5400,gara
5401,bug
5402,yang
5403,begini
5404,Udh
5405,download
5406,semua
5407,datanya
5408,tapi
5409,tiba
5410,beberapa
5411,gambar
5412,konten
5413,hilang
5414,Cek
5415,di
5416,download
5417,padahal
5418,sudah
5419,di
5420,download
5421,semuaMakin
5422,hari
5423,makin
5424,aneh
5425,nih
5426,game
5427,udah
5428,sistem
5429,matchmakingnya
5430,gajelas
5431,ngasih
5432,tim
5433,ga
5434,seimbang
5435,banyak
5436,bugnya
5437,juga
5438,ditambah
5439,jaringan
5440,yang
5441,sering
5442,lag
5443,Pliss
5444,lah
5445,montoon
5446,perbaiki
5447,semuanya
5448,terutama
5449,sistem
5450,jaringan
5451,matchmaking
5452,dan
5453,bugnyaBanyak
5454,bug
5455,sekarang
5456,di
5457,update
5458,terbaru
5459,tidak
5460,bisa
5461,memulai
5462,permainan
5463,pada
5464,saat
5465,masuk
5466,lobymatcmaking
5467,lamajaringan
5468,tidak
5469,stabilmana
5470,bisa
5471,kalok
5472,macem
5473,gini
5474,di
5475,update
5476,terbarutolong
5477,moonton
5478,perbaiki
5479,bug
5480,yng
5481,tidak
5482,jelas
5483,ğŸ™ğŸ™ğŸ™Sistemnya
5484,gak
5485,jelas
5486,masa
5487,lostreak
5488,gara
5489,dapat
5490,tim
5491,tukang
5492,ngetroll
5493,terus
5494,dapat
5495,lawan
5496,yang
5497,kompak
5498,Harusnya
5499,kasih
5500,rata
5501,lah
5502,pembagian
5503,pemainnya
5504,pas
5505,waktu
5506,mau
5507,match
5508,masa
5509,harus
5510,di
5511,sengaja
5512,di
5513,kasih
5514,lostreak
5515,kadang
5516,juga
5517,dapat
5518,bot
5519,di
5520,tim
5521,kayak
5522,sudah
5523,sepi
5524,aja
5525,yang
5526,main
5527,sampe
5528,ada
5529,bot
5530,Intinya
5531,saya
5532,kecewa
5533,aja
5534,sudah
5535,main
5536,capek
5537,dapat
5538,tim
5539,yang
5540,selalu
5541,buat
5542,pelanggaran
5543,kalau
5544,sekalikali
5545,sih
5546,gak
5547,masalah
5548,lah
5549,ini
5550,sampe
5551,x
5552,berturut
5553,dapat
5554,tim
5555,yang
5556,feeder
